"UT","PY","SO","SC","AU","TI","AB","AF","subTitle","DE","theme","headline","ID","C1","CR","NR","TC","J9","VL","BP","IN","DP"
"98458","2006-01-01","民生報","來去看電影","記者王雅蘭／報導","如果•愛 金城武雪地飆情淚","華語片首見的大型浪漫愛情歌舞片「如果•愛」，除了金城武一段癡情10年的刻骨銘心戀情，最有看頭的，是印度寶萊塢一代宗師FARAH KHAN為影片的編舞，以及歌神張學友令人讚嘆的演唱。導演陳可辛花5年時間終於拍出歌舞片，全片七段大型歌舞場面，全都「戲中有戲」，其中「十字街頭」描述男女主角初識時的經歷，為展現三、四十年代上海繁華的一面，斥資百萬元搭建街頭窄巷，又動用超過50位專業舞蹈員參演，光集體排舞就花了3個多星期。戲中女主角周迅特別和舞師苦練半年的舞蹈，還穿高叉旗袍，低胸耍妖嬈的裝扮，有別於以往的清純，身軀嬌小的她使盡全力跳舞釋放狂野，表現還不錯。金城武在電影裡飾演揹負舊情枷鎖，10年來受盡折磨的大明星，當再見舊情人，發現對方竟不記得他時，所有怨恨、報復全湧上心頭。金城武在這次10年前、10年後角色、心情、造型轉換，以及對愛情酸甜苦辣演技的掌握十分到位，尤其癡情部份的演技細緻動人。而帥哥雪地上抱舊愛痛哭流涕的一幕，最令粉絲心疼。導演陳可辛說，拍完「如果•愛」，他真的覺得再沒有什麼愛情故事可以拍了，他對愛情的想法、體認，都在金城武、張學友和周迅三個人中間說完了。而池珍熙飾演的天使角色，對人生又加了不少雋永解釋，觀眾看舞聽歌，感受戲裡三人愛得激情、痛苦、遺憾與釋然，最後如能悟得人生道理，就值回票價，不虛此行。",,"周迅豔舞釋放狂野 張學友歌聲動人心弦 寶萊塢式場面華麗壯觀",,"","",,,,,,,,,,
"98663","2006-01-08","民生報","來去看電影","王建宇","惡狼ID  美國片","導演：傑夫瓦德洛卡斯：朱利安墨瑞斯        邦喬飛級數：輔導級片長：1小時30分劇情：8個不知天高地厚的學生，以惡作劇的心態在網路上虛構，並散布一則名為「惡狼」的連續殺人狂新聞。誰知謊言突然變成真，參與其中的人開始一個接著一個被這原本不存在的「惡狼」殘殺。特色：台灣年輕影迷超愛看驚悚片，繼「奪魂鋸」、「恐怖蠟像館」後，又一部震驚全美的驚悚電影。推薦指數：名歌手邦喬飛不僅會演唱，原來他的演技也是一流！",,"",,"","",,,,,,,,,,
"98671","2006-01-08","民生報","來去看電影","王惠萍）","鬼家怪談 日本片","導演：吉田秋生卡斯：黑川芽以        前田綾花級數：輔導級片長：1小時33分劇情：一位沉溺在喪妻之痛的男子帶著女兒搬進一棟凶宅，一旦搬入就得遵守宅內遊戲規則，一是午夜12點前要回到宅內的白線。二是，一旦搬入除非有新住戶入住，否則無法任意搬離……。凶宅內，怪事不斷上演，少女漸漸陷入內心深處的黑暗記憶。特色：取材自轟動日本的社會新聞事件，並進入陰宅內實地取景。推薦指數：日本鬼片一向嚇人，這部鬼片的預告片把小朋友嚇得哇哇叫，慘被投訴，可見驚嚇指數夠高。",,"",,"","",,,,,,,,,,
"98770","2006-01-22","民生報","來去看電影","記者王建宇／報導","李安靠 斷背山重拾熱情","「斷背山」是李安得意之作，擁有極佳口碑。李安說：「人人都有秘密。但是人類是團體動物，必須與人共處，有安身之地。主人翁牛仔艾尼斯與傑克活在謊言中，卻情非得已。這是他們所知的唯一生存方法，毫無選擇。」一句話，道出了「斷背山」闡述的人性無奈。希斯萊傑飾演艾尼斯包袱頗重，即便深愛由傑克基倫霍飾演的傑克，但無法向世人告白。李安自「喜宴」後，再度駕馭講述同性戀情「斷背山」。電影技法更為圓融，包涵了感人的人與大自然及人和人之間微妙情懷。普立茲獎得主安妮普露的短篇故事「斷背山」，首次刊登於1997年「紐約客」雜誌上，榮獲國家雜誌獎。後來該篇故事，則收錄於普露1999年「懷俄明小說集」。電影場景設於懷俄明州與德州，敘述兩名青年農場幫工與牛仔在夏季相遇，意外發展出一段終生情誼。感情苦樂摻半，見證愛情力量的堅忍。李安曾說，電影如果不夠可怕、主題不夠敏感，就不會太有興趣。「拍完『臥虎藏龍』後，我正在籌拍下一部片。製片人詹姆斯夏慕斯向我提到題材很有意思，我先前不知道有那則短篇故事。看過後熱淚盈眶，感動之情揮之不去。」製片人詹姆斯夏慕斯說，就許多層面看來，電影非常壯麗、傳統，敘述主角如何克服萬難保護愛情。他建議李安，將「斷背山」當作美國史詩鉅片來拍。李安自認實在太好運了：「我這些年來無法忘記這個故事，深植我心。」希斯萊傑從小就會騎馬，傑克基倫霍是在開拍前才參加「牛仔訓練營」，學騎馬、套羊等牛仔技能。他練到雙手起水泡，懂得如何劈柴、拖乾草、蓋籬芭。電影有八成在戶外拍攝，氣候在15分鐘內丕變。早上可能還冷得要命，中午就得頂著酷熱陽光，山區碰上凍雨、冰雹。雖是李安在「飲食男女」後，拍過的最低成本電影。「終究實現了我的夢想！我覺得自己好像對電影又重燃熱情，也更了解人際關係。」",,"同志戀情的故事 在心裡擺了數年 低成本的電影 卻實現了他的夢想",,"","",,,,,,,,,,
"99029","2006-01-01","民生報","來去看電影","王建宇","燦爛時光2：美麗的人生 義大利片","導演：馬可圖里歐喬達納卡斯：路奇洛卡西歐        亞力希歐波尼        潔絲敏婷卡        瑪雅珊莎級數：保護級片長：3小時劇情：投身警界的哥哥馬迪奧在義大利美麗小島上，遇見心儀的攝影師美拉莉。羞於自己一事無成，假稱弟弟尼古拉的名字和美拉莉交往，陷入熱戀。美拉莉意外發現馬迪奧的謊言，馬迪奧在惱羞成怒下自殺。有一天，弟弟尼古拉在一場攝影展上意外得知美拉莉獨自撫養哥哥馬迪奧的遺腹子安德烈，一家人團聚。多年後，尼古拉長得亭亭玉立的女兒莎拉要結婚了，而馬迪奧的兒子安德烈也長大了。安德烈決定要繼續父親馬迪奧和叔叔尼古拉年輕時心願，帶女友前往北極看午夜日不落景象。尼古拉是否能再提起年輕時熱情，勇敢追尋精采人生中唯一欠缺的愛情呢？特色：是長篇電影的後半部，觀眾要做完第一集功課後，才能接得上劇情。推薦指數：電影曾獲義大利奧斯卡最佳影片等6項獎，值得耐心欣賞。",,"",,"","",,,,,,,,,,
"99348","2006-01-15","民生報","來去看電影","王惠萍","大逃殺Ⅱ之決戰天堂 日本片","導演：深作欣二        深作健太卡斯：藤原龍也        前田亞季       級數：輔導級片長：2小時11分劇情：第一集死裡逃生的兩位學生藤原龍也和前田亞季受到全國追緝，藤原龍也匿藏到戰火最猛烈的國家學習野戰生存之道，並結識到前幾屆「大逃殺」生還者共同組成Wild Seven恐怖組織，拚死要滅絕BR惡法，軍政府接到消息立即出動軍機、軍艦將他們困在戰艦島，並修訂出BRⅡ法，另推42名學生上艦前往殺戮戰場。特色：第二集大逃殺的遊戲規則和第一集不同，殘殺的對象不再是同班同學，學生使用的武器一樣多樣化。42名學生是導演深作欣二從六千多位新人中選出。值得注意的是，影片血腥畫面被剪去兩分鐘。推薦指數：這部片是名導演深作欣二的最後作品，深作欣二在拍片期間因骨癌過世，由長子深作健太代父完成。",,"",,"","",,,,,,,,,,
"99428","2006-01-08","民生報","來去看電影","記者王建宇／報導","偷穿高跟鞋 卡麥蓉誘人","「偷穿高跟鞋」是票房女星卡麥蓉狄亞繼「霹靂嬌娃：全速進攻」後，睽違影壇2年唯一代表作。改編自美國名作家珍妮佛威納2002年暢銷小說，描述一對除了鞋子大小之外，毫無共通點的姐妹情深。演出陣容還有澳洲影后東妮克莉蒂和金像獎影后莎莉麥克琳，被視為今年奧斯卡熱鬥影片之一。「偷穿高跟鞋」是一部另類、爆笑的動人電影。電影一開始，卡麥蓉狄亞就把家裡弄得雞飛狗跳。卡麥蓉狄亞形容自己的角色：「表面上看來強悍、外向，但其實非常寂寞、自私和以自我為中心。她為了讓自己覺得活得有價值，只能用魅力、外表和性感當手段。」卡麥蓉狄亞在片中勾引老姐的男友上床，經常穿著比基尼泳衣，在泳池邊散發無邊春色。她笑說私下愛穿三點式泳衣是真的，但只愛男友歌手賈斯汀一人，不會沒事對男人亂放電。而為了接演卡麥蓉狄亞的古板姐姐一角，東妮克莉蒂增胖25磅：「我曾發誓，再也不要為電影增胖。」這位澳洲女演員曾為了演「妙麗的春宵」增胖43磅。「當蘿絲辭職時，陷入愛河並開始成為比較快樂的人，還要變瘦回去。」於是當電影拍攝到中段，她又得開始辛苦節食，把體重減回去。東妮克莉蒂坦言忽胖忽瘦拍戲，實在很辛苦。她們的祖母一角由莎莉麥克琳飾演。莎莉麥克琳說，「偷穿高跟鞋」是拍給一群被遺忘的觀眾。到了某個年紀，好像就沒有電影可以看，他們對銀幕上的東西不再感興趣。「我現在演戲都是演人家的祖母輩，但我不介意。」導演寇蒂斯韓森要求演員融入自己生命經驗。「『偷穿高跟鞋』是一部關於人的電影。這是一個現代故事，討論情緒與人際關係。希望觀眾在看完電影後，他們會說：『那就是我啊！』」",,"東妮克莉蒂 為戲忽胖忽瘦 大嘆辛苦",,"","",,,,,,,,,,
"100886","2006-01-22","民生報","來去看電影","王建宇","斷背山   美國片","斷背山   美國片導演：李安卡斯：希斯萊傑        傑克基倫霍  級數：輔導級片長：2小時14分劇情：1963年，美國懷俄明州的斷背山上，牧場徵求牛仔牧羊人。希斯萊傑與傑克倫基倫霍同去應徵。兩男朝夕相處，日久生情。下山後，他們各自娶妻成家，卻在四年後重逢，重燃愛之火。在當時強大的社會壓力下，希斯萊傑無法坦然「出櫃」。他與傑克基倫霍的戀情終成回憶。特色：電影風景幽美，李安擅長描寫細微的感情。推薦指數：電影從威尼斯影展起一路拿獎，金球獎更是勇奪四大獎，美國知名電影雜誌列為去年十大佳片。",,"",,"","",,,,,,,,,,
"100979","2006-01-01","民生報","來去看電影","王建宇）","孤雛淚 英國片","導演：羅曼波蘭斯基卡斯：巴尼克拉克        班金斯利級數：保護級片長：2小時10分劇情：因不倫戀情而懷了孕的女子，在救濟院中偷偷生下一名男孩後黯然離去。可愛的男孩奧立佛才一出生就成了孤兒，也開始了他坎坷的童年。奧立佛在苛刻的孤兒院中長大，沒有溫暖與關懷，只有不停的工作及挨餓……。在黑暗中的人，沒有悲觀的權利。歷盡滄桑的奧立佛總是一心祈求光明的到來。而在經歷了一連串悲慘遭遇後，總算找到了愛他和想念他的親人，幸福終於降臨。特色：電影拍攝精製，重現大文豪狄更斯作品的精神。推薦指數：一場孤兒院的戲，動員上千名兒童演員。帶手帕進戲院吧，可以邊看邊拭淚。",,"",,"","",,,,,,,,,,
"101046","2006-01-01","民生報","來去看電影","王雅蘭","如果•愛  香港片","導演：陳可辛攝影：鮑德熹  卡斯：金城武、張學友        周  迅、池珍熙級數：普遍級片長：1小時48分劇情：大陸女星孫納將與香港男星林見東合作歌舞片，導演是孫納男友聶文，然而孫納和林見東的故事應該追溯到十年前，兩人曾在白雪皚皚裡見證彼此的深情，但孫納後來投奔一個個有能力栽培她的男人。十年後見東震撼發現，孫納早已忘了他，最殘酷的，或許不是遺忘，而是從未愛過……。特色：大型歌舞場面。推薦指數：對愛情深信不疑或留有遺憾的男女必看。",,"",,"","",,,,,,,,,,
"101207","2006-01-08","民生報","來去看電影","麥若愚）","情弓 韓國片","導演：金基德卡斯：全訟挽、漢茜荷片長：1小時28分級數：輔導級劇情：汪洋大海上漂流著兩艘船，一個老人與女孩相依為命過著兩人世界的生活，老人每天用船接駁釣客到船上海釣，老人等女孩17歲時要娶她做新娘，但一名年輕男孩上船，讓女孩世界產生變化，她開始嚮往外在世界，開始反一切，老人的弓是樂器也是佔有女孩的武器，獨占女孩十年後，即將失去生活重心的老人，該如何取捨。特色：韓國鬼才導演新作，2005坎城影展一種注目單元。特別推薦：愛慾，是無盡的深淵。",,"",,"","",,,,,,,,,,
"101543","2006-01-15","民生報","來去看電影","王建宇","奪魂鋸2美國片","導演：戴倫連恩布斯曼卡斯：東尼華柏格        薛妮史密斯        托賓貝爾級數：限制級片長：1小時33分劇情：如果有人嫌活得不耐煩，那他可能會被變態抓起來活整！「奪魂鋸2」以一位罹患絕症的變態殺人狂為主題，8個不太珍惜生命的年輕人，都被他一一逮住，關在一間滿是致命機關的秘室中，玩弄在手掌心裡。8個互不相識的人為了要活命，不得不團結一致。他們面對強烈的神經毒氣攻擊，再不設法找到出口，將見不到明天的太陽。特色：好萊塢小成本恐怖片當道，考驗影迷的膽識。推薦指數：第一集已讓影迷見識到驚嚇指數有多高？本集將更為駭人。",,"",,"","",,,,,,,,,,
"101621","2006-01-08","民生報","來去看電影","麥若愚","隱藏攝影機  法國、奧地利片","導演：麥可漢內克卡斯：丹尼爾奧圖        茱麗葉畢諾許片長：1小時57分級數：輔導級劇情：知名電視談話性主持人，與太太是一對名利雙收、事業有成的夫婦，某日起他們不斷收到一支支偷拍錄影帶，內容偷拍他們家的作息與男主人童年成長的故鄉，更駭人的是，之後寄來的錄影帶挾帶一張張割喉、吐血圖畫，夫妻倆驚心動魄之餘，堅信是熟人所為，男主人甚至懷疑是童年舊識。特色：2005年坎城影展最佳導演，歐洲奧斯卡最佳影片、導演、男主角5項大獎。特別推薦：仔細想想小時候幹過什麼壞事。（",,"",,"","",,,,,,,,,,
"101765","2006-01-01","民生報","來去看電影","王建宇","納尼亞傳奇  美國片","導演：安德魯亞當森卡斯：威廉莫斯利        安娜帕普威爾  級數：普遍級片長：2小時12分劇情：倫敦的一家四兄妹為了要躲避戰火，逃到鄉下避難。鄉居生活十分清閒，小孩們玩心大起。在玩躲貓貓時，小妹妹躲入衣櫥中，她發現背後，竟是一個已遭白女巫詛咒的冰封納尼亞王國。古老的預言中，孩子們將推翻白女巫邪惡統治。在萬獸之王亞斯藍的領導之下，來自人間的四名孩子，寫下了納尼亞王國的傳奇一頁。特色：改編自暢銷童書，倘若電影在全球大賣座，將拍續集。推薦指數：有精采的人、神大戰，特效場面直追「魔戒」。特別是萬獸之王亞斯藍，獅毛是一根一根畫出來的。",,"",,"","",,,,,,,,,,
"101920","2006-01-22","民生報","來去看電影","王惠萍","翡翠森林：狼與羊","翡翠森林：狼與羊 日本片導演：杉井一郎卡斯：（日文版配音）        中村獅童配狼        成宮寬貴配羊        （中文版配音）        唐從聖配狼        蔡康永配羊  片長：1小時47分級數：普遍級劇情：狼與羊在暴風雨之夜竟因為際遇相似而成為好朋友，後來才發現彼此互為天敵，狼與羊即使遭到同族的反對與追捕，仍執意要前往沒有族群問題的翡翠森林，狼一度在同族追殺下失蹤，令羊咩傷心欲絕，羊咩獨自來到翡翠森林，能不能等到牠的好友卡滋狼呢？特色：這段跨越族群敵對的友誼，在漫畫家柴門文眼中，狼與羊的羈絆每遇困難時總是變得更強，感覺像是戀愛小說。推薦指數：故事雖簡單，但讓互為天敵的狼與羊跨越族群界線而做了朋友，頗具啟發意義。",,"",,"","",,,,,,,,,,
"102312","2006-01-22","民生報","來去看電影","王雅蘭","情癲大聖 香港片","導演：劉鎮偉卡斯：謝霆鋒、蔡卓妍        陳柏霖、范冰冰級數：保護級片長：1小時43分劇情：唐三藏帶著孫悟空、豬八戒、沙悟淨一路西遊到西域莎車城，沒想到竟在此碰上可怕的蟲妖，徒弟們通通都被抓走了，唐三藏只好帶著金箍棒四處求援，在冒險過程中遇到了奇醜無比囉嗦難搞的小女妖岳美豔，兩人結伴上天下地，甚至展開一段「人妖殊途」的淒美愛情。特色：顛覆「西遊記」故事，把神話故事加進外星科幻情節和特效，影片風格奇異地結合了周星馳的喜感和王家衛的浪漫。推薦指數：追求海枯石爛、恆久不變愛情與青春陽光樂於嘗鮮的觀眾。",,"",,"","",,,,,,,,,,
"102575","2006-01-08","民生報","來去看電影","王建宇","偷穿高跟鞋　美國片","導演：寇蒂斯韓森卡斯：卡麥蓉狄亞        東妮克莉蒂  級數：保護級片長：2小時6分劇情：卡麥蓉狄亞是放蕩不羈的派對女王，而東妮克莉蒂是正經八百女律師。兩個不對盤的女人，居然是同一個媽所生的。她倆除了鞋子同樣穿八號半以外，全身上下無共通點。卡麥蓉狄亞闖下滔天大禍，和姐姐的男友上了床。東妮克莉蒂終於無法忍受，這對姐妹花正式宣告決裂。這段單獨面對世界的日子裡，她們漸漸懂得去接納並欣賞彼此，姐妹心結打開。特色：二位女星各自發揮演技，以溫情攻佔影迷的心。推薦指數：喜愛卡麥蓉狄亞的影迷，能看到她的身材及演技。",,"",,"","",,,,,,,,,,
"103040","2006-01-15","民生報","來去看電影","記者麥若愚／報導","藝伎 讓章子怡 鞏俐大打出手","金獎導演勞勃馬歇爾，拍完百老匯改編歌舞片「芝加哥」後，曾經不想再拍類似題材，不料飛了大半地球到日本勘景，才發現他接拍的「藝伎回憶錄」，其實和「芝加哥」沒什麼兩樣，都是兩個女人在舞台上的戰爭。「藝伎」故事發生在二次大戰爆發前一年，一個可憐的日本小女孩，被窮苦家人賣進藝伎院當僕役，雖遭受百般刁難、吃盡苦頭，但為追求一份遙不可及的愛情夢，她努力學習，最後成為傳奇藝伎小百合。  中日卡斯包括：章子怡、鞏俐、楊紫瓊、渡邊謙、役所廣司、桃井薰、工藤夕貴等，兩個女人的戰爭指的是章子怡與鞏俐。為了讓章子怡演的小百合、鞏俐演的初桃，兩女之間對立氣氛更緊繃，勞勃馬歇爾和原作者亞瑟高登、編劇羅萍史威克，討論許久後決定將小說做更動，其中一場是小百合與初桃大打出手、放火燒屋的戲碼，原著小說中，小百合走紅後逐一搶走初桃的客人，最後初桃被趕出藝伎屋，酗酒過量而死；電影為突顯初桃像火一般、玉石俱焚的激烈個性，以及她與小百合的敵對關係，導演決定讓她的離開更加戲劇化，安排兩人大打出手，初桃放火燒屋，鞏俐掌摑章子怡，兩人扭打成一團。首次和西方導演合作的鞏俐，對勞勃馬歇爾的功力佩服不已，特別是勞勃對排練的要求，讓她大開眼界，鞏俐說：「導演在電影開拍前，就讓演員們從頭到尾的排練一次，因此當真正拍時，大家都對劇本有更深入了解，他也不吝給演員鼓勵，經過「藝伎」洗禮，鞏俐說，「好像什麼角色都難不倒我了。」片中章子怡為了成為藝伎而接受嚴酷的訓練，無奈卻遭流言抹黑，幸好在楊紫瓊幫助下，得到一次獨舞機會，一場古都之舞的精湛表現，讓她從谷底翻身，成為各方權貴追逐焦點，章子怡為拍這場舞吃足苦頭，必須突破和服限制，做大動作的現代舞表演，最後的下腰更展現深厚的舞蹈功力。",,"導演勞勃馬歇爾精心安排 三大華人女星一起飆演技",,"","",,,,,,,,,,
"103125","2006-02-26","民生報","來去看電影","王惠萍","深海  台灣片","導演：鄭文堂卡斯：蘇慧倫、李威  片長：1小時48分級數：輔導級劇情：感情不順的阿玉入獄7年，出獄後好友安姐為她安排工作，渴望被愛的她卻一連愛上兩個致命的男人，當愛得越深，彼此的距離卻越遠，連一直陪伴在身邊的安姐也漸行漸遠。特色：蘇慧倫演打不開情感死結的女人深刻有味。推薦指數：鄭文堂的導演功力受到肯定，配搭蘇慧倫、李威的陸弈靜和戴立忍更是來頭不小，分為金鐘影后、影帝。",,"",,"","",,,,,,,,,,
"103625","2006-02-05","民生報","來去看電影","記者王雅蘭／報導","東方忍者 西方騎士 銀幕大和解","本周賀歲新片為受大小朋友歡迎的「火影忍者2─幻之地底遺跡」，有人用當東方遇見西方來形容這部動畫電影，不同於電視卡通，本片是完全原創故事，除了鳴人、小櫻和鹿丸外，還有西洋騎士登場，西洋騎士少年與東洋忍者少年，都一樣是衷心地渴望和平，而雙方攜手合作的結局，更凸顯了本片所示的共存共榮之道。「幻之地底遺跡」完全是原創的故事，是漫畫或電視&#35023;都沒看過的情節，故事的時間點是在漫畫原作的第一部與第二部之間，佐助已經離開，鳴人與小櫻和鹿丸一起出動，而原作中直到第二部才復出的砂之忍者我愛羅和勘九郎，也提前在此登場，電影版不論打鬥動作的激烈和音效的魄力都遠勝電視版。本片的導演川崎博嗣曾參與過宮崎駿「天空之城」、押井守「攻殼機動隊」，在動作戲方面有相當高評價，擁有許多忠實粉絲。川崎博嗣表示，電影裡的海德身邊的三個女孩，分別來自於吸血鬼、科學怪人和狼人的形象來設計，而且全是女生。電影裡因為鳴人的影響，周遭的人們有所改變，導演認為這是一部為了娛樂而生的作品，尤其是原作從未描寫過激烈的忍者大戰，這次鳴人和神秘騎士為了彼此的「信念」與「理想」，會有騎士和忍者間的大戰。",,"‘火影忍者’原創故事搬上電影院 打鬥動作 音效魅力 遠勝電視版",,"","",,,,,,,,,,
"104011","2006-02-19","民生報","來去看電影","王惠萍）","情義我心知","導演：麥兆輝、莊文強卡斯：黎明、杜汶澤片長：1小時34分級別：輔導級劇情：離家出走的輕度弱智青年巧遇落難東京的大哥，為解決迫在眉睫的生計問題，大哥開始訓練弱智男作牛郎，兩人也在一連串的磨難中建立起真感情，大哥為救弱智男出面頂罪，弱智男也為大哥擋仇家的子彈。特色：影帝黎明打破偶像身段，化身弱智男妓。推藨指數：「無間道」系列、「頭文字D」金三角劉偉強、麥兆輝和莊文強再次合作的新片。",,"",,"","",,,,,,,,,,
"104156","2006-02-26","民生報","來去看電影","王建宇","鍋蓋頭  美國片","導演：山姆曼德斯卡斯：傑米福克斯        傑克基倫霍級數：保護級片長：1小時40分劇情：美國大兵傑克基倫霍剃了鍋蓋頭，上波斯灣前線打仗，卻沒有遇到真的戰役。他在一次又一次的艱苦訓練中，男孩終於成為男人。特色：改編自真實故事，在美國是暢銷小說。推薦指數：傑克基倫霍一身肌肉，演大兵有深刻的內心戲。",,"",,"","",,,,,,,,,,
"104178","2006-02-26","民生報","來去看電影","王惠萍","最愛女人購物狂  香港片","導演：韋家輝卡斯：張柏芝        劉青雲、陳小春片長：1小時32分級數：保護級劇情：一個被棄於名牌百貨公司的棄嬰長大後成了一個購物狂，她決定去看精神科醫生，但醫生本身卻患有選擇恐懼症，醫生為她治購物狂，她則幫醫生解決了購物選擇的問題。她同時又遇上一個購物時喜歡和人爭，爭到最後又後悔的男人，她起初以為這個男人很窮，沒想到卻是個大富豪，醫生和富豪都對她展開追求，她同時答應了兩個約會……。特色：張柏芝在現實生活中就很愛購物，詮釋購物狂，格外能抓到神采。特別推薦：想看看張柏芝多能買嗎？這部片就借了張柏芝貯存個人戰利品的貨倉來拍，張柏芝也把價值80萬港幣的私人珍藏通通呈現在鏡頭前。",,"",,"","",,,,,,,,,,
"104287","2006-02-12","民生報","來去看電影","王惠萍）","春之雪","導演：行定勳卡斯：竹內結子        妻夫木聰片長：2小時30分級別：保護級劇情：一對大正時代貴族情侶悲戀故事。松枝清顯一直逃避對明珠聰子的愛，直到女方要嫁入皇室，他才極力要挽回，女方因而懷孕，兩人陷入無可挽回的苦戀。特色：一段纖麗的日本宮闈悲戀，充滿東方情調。推薦指數：改編自三島由紀夫文學名著「春雪」，當紅卡斯、票房名導，加上台灣著名攝影師李屏賓，增加這部電影的可看性。",,"",,"","",,,,,,,,,,
"104328","2006-02-19","民生報","來去看電影","王建宇）","粉紅豹","導演：薛恩李維卡斯：史提夫馬丁        凱文克萊片長：1小時33分級別：普遍級劇情：足球隊名教練身中毒鏢，在球場上應聲倒地。烏龍警察史提夫馬丁奉派辦案。別看他外表阿達，卻追出名鑽粉紅豹失竊的下落，揚名巴黎，獲勳章。特色：史提夫馬丁是冷面笑匠，周邊人都被他整倒。他還不茍言笑、不動如山，苦練的法國腔英語不簡單。推薦指數：愛看喜劇片的人，不看會後悔。",,"",,"","",,,,,,,,,,
"104565","2006-02-19","民生報","來去看電影","記者王建宇／報導","史匹柏 揭露慕尼黑的人性面","1972年9月，一項恐怖份子攻擊事件史無前例地在全球9億電視觀眾前活生生上演，從此揭開恐怖暴力行動新頁。導演史帝芬史匹柏執導的「慕尼黑」，就是關於慕尼黑事件及之後以色列政府對恐怖份子所展開的報復行動。電影有史詩風格，繼奧斯卡名作「辛德勒的名單」之後，有一番新的企圖心。故事描述以色列情報局在慕尼黑事件發生後，組成一個天譴行動機密暗殺小組，進行近代史上最大膽的暗殺報復行動。史匹柏以充滿人性角度及詳盡細節，讓觀眾體驗一段不為人知的歷史事件。「慕尼黑」製片人巴瑞曼德說，事件是令他印象深刻、不寒而慄的可怕回憶。對整個事件了解得越多，就越令人難以釋懷。他花了4年時間籌備電影，曾和他製作「靈異第六感」女製片人凱薩琳甘迺迪聽到拍片計劃後，把訊息轉告史蒂芬史匹柏。他決定拍完賣座片「世界大戰」後，著手執導「慕尼黑」。史蒂芬史匹柏拍過以歷史事件為題材的電影，尚包括「太陽帝國」與「搶救雷恩大兵」。「慕尼黑」探討主題和世局息息相關，引人深思，是史匹柏決定重新呈現33年前發生事件主要原因。他說：「我很清楚記得當時我在哪裡，我就跟其他人一樣守在電視機前面關心事態發展。」他比較關心欲揭露的人性面，希望能提出一個沒有人面對過的問題：暗殺行動對執行任務的人，生活上有什麼改變？電影製作過程龐大繁雜，約有200多個角色：從知名的政治人物，到不為人知臥底幹員。劇組很早就開始在世界各地，進行嚴格選角過程。其中最重要的角色，是以色列暗殺小組的5名成員。史匹柏說：「我希望找到5個擁有不同表演風格、說話口音和獨特個性的演員。」暗殺小組組長為其中最年輕的一位，他是唯一來自以色列的猶太人艾夫納。非常愛國，但從來沒有殺過人。史匹柏一直屬意由艾瑞克巴納飾演：「我喜歡他在李安片子『綠巨人浩克』演出，看得到他眼神中帶有溫暖和力量，還有一絲恐懼，非常有人性化。」",,"30年前的事件搬上銀幕 艾瑞克巴納 靠眼神當上男主角",,"","",,,,,,,,,,
"104676","2006-02-12","民生報","來去看電影","記者麥若愚／報導","哈里遜 防火牆再展身手","美國動作英雄代言人哈里遜福特，在新片「防火牆」中演銀行網路防駭客的高階主管，一群高科技搶匪花了整年時間研究他全家一舉一動，連家人病史都一清二楚，等家人被綁架要求贖金後，福特被迫監守自盜自己精心設計的銀行防火牆。製片亞米安柏恩斯坦說：「我們現在所處的不再是以往搶銀行時代，現在盛行電子虛擬世界，由電腦密碼與鍵盤控制的數字，才是駭客們覬覦的。」哈里遜福特也說：「人們總相信自己的電腦是絕對安全的，這卻與事實相去甚遠，一般人所以會安全無虞，因為他們沒有讓壞蛋覬覦的東西。」「美麗境界」、「怒海爭鋒」英國男星保羅貝特尼演大反派，導演理查朗克隆（網住愛情）表示，「電影比較偏重驚悚片，重點是如何製造緊張刺激高潮，片中最主要戲劇張力，來自兩個男角之間，如何分秒必爭、與匪徒玩鬥智鬥力的危險遊戲。」哈里遜福特為了主演「防火牆」，花了兩年時間研究劇情的合理性與邏輯性，銀行專家聽過故事後，表情從錯愕被佩服，編劇喬佛特說：「本片主軸是一個由電腦密碼所砌成的防火牆、以及代表無數財富的電腦數字，成了歹徒行動的目的，在電腦通行時代，全球每家銀行面臨的，不僅是現實生活中的搶匪，更嚴重的是那群藏在自家車庫，以高科技駭客程式入侵銀行的電腦，準備神不知鬼不覺盜取金錢的高智慧犯罪者。哈里遜福特解釋自己的角色說：「絕不是典型的英雄，他會因工作上不如意，內心開始掙扎與焦慮，我一直在尋找一個出現在好劇本中的聰明角色，我並不會把角色歸類為英雄類型，而是一種能在特殊事件中試著戰勝命運的人物性格。」",,"重返銀幕當英雄 花了2年時間研究合理性 讓銀行專家佩服不已",,"","",,,,,,,,,,
"104778","2006-02-26","民生報","來去看電影","記者王建宇／報導","絕命終結站3雲霄飛車驚魂","大家都愛到遊樂場玩，搭雲霄飛車忽上忽下的一瞬間快感，相信年輕影迷一定頗有經驗。但是你有沒有想過，會不會一下子人就咻的一聲飛了出去？由年輕演員雷恩梅利曼和瑪麗文斯蒂德挑大梁演出的「絕命終結站3」，本著前兩集的賣座風潮，在美國一樣是票房火紅。令人意外的是，編導全由華裔影人詹姆士王一手包辦。前兩集的賣點玩的是飛機墜毀以及高速連環車禍，刺激驚奇。本集將視野拉到遊樂場上，更能貼近喜好感觀刺激的影迷們。「絕命終結站」系列在好萊塢以小兵立大功的姿態爆紅，每隔三年，便推出一集新的「絕命終結站」片集。詹姆士王參與過「X檔案」的製作團隊，電影中不時呈現出神秘、動作和驚悚風格。而適時出現的幽默感，為觀眾們緊繃的電影神經，尋求解套抒壓。詹姆士王在美國受訪時一再表示，他看多了社會新聞，深感在生命中的意外及離奇事件很多。有的時候，許多人大難不死，必有後福。但是天天過生活，一些小意外卻可能令人喪命。人類的求生包括了韌性與脆弱兩面，兩者不時對立交錯。詹姆士王與編劇群埋首研究影迷心理，讓人看完片子之後，有劫後餘生的感覺。在本集中，愛玩的高中生們碰到急駛中的雲霄飛車翻覆，他們能否殺出死神詛咒？在在為下一集埋下伏筆。",,"死神再度報到  這回魔爪伸向遊樂場",,"","",,,,,,,,,,
"104792","2006-02-19","民生報","來去看電影","王雅蘭","犀照","導演：林健龍卡斯：馮德倫、張茜        鍾欣桐片長：1小時33分級別：輔導級劇情：「仙草堂」老闆劉城被誣陷，臨刑前，卻在律師指點下逃過一劫。回到鄉下，劉城卻發現妻子、女兒行為詭異，整天點著犀牛角蠟燭神出鬼沒……。.特色：劇情恐怖懸疑，也有親人溫馨的一面。推薦指數：TWINS粉絲和愛鬼片一族。",,"",,"","",,,,,,,,,,
"104972","2006-02-05","民生報","來去看電影","麥若愚","大力士阿羅夏 俄國動畫","導演：康士坦汀波隆齊特片長：1小時19分級別：普遍級劇情：俄羅斯遠方小村落，住著身強體壯、但頭腦簡單的男孩阿羅夏，韃靼人來掠奪黃金，他絞盡腦汁貢獻一條計策保護大家財產，結果沒成功反而害村裡黃金全部被搶，面對大家責難，他決定負起責任，去向韃靼人討回黃金。  跟他前往的，有一個鍾愛他的女孩、一對老邁的公公與婆婆、一匹會講話但很囉嗦的馬，以及一匹沈默寡言的驢子，他們一起出發，踏上熱鬧非凡、歌舞不休的歡樂之旅。特色：俄國史上最賣座動畫，適合寒假觀賞。推薦指數：黃金、寶藏、可愛的動物。",,"",,"","",,,,,,,,,,
"105166","2006-02-05","民生報","來去看電影","麥若愚","霍元甲","導演：于仁泰演員：李連杰、孫儷         中村獅童       片長：1小時45分級別：輔導級 劇情：以精采的武打場面與動人的武學精神，闡述一代武術宗師霍元甲的傳奇一生。特色：李連杰告別中國武術電影的顛峰代表作，周杰倫做主題曲。推薦指數：看李連杰對中國武學的詮釋與教化。",,"",,"","",,,,,,,,,,
"106189","2006-02-05","民生報","來去看電影","王建宇","傲慢與偏見  英國片","導演：喬萊特卡斯：綺拉奈特莉        馬修麥迪恩        唐納蘇德蘭片長：2小時9分級別：普遍級劇情：時間發生在十八世紀末的英國，片中的男女主角伊莉莎白和達西先生兩人初見面就互看不順眼，言談間也常有針鋒相對的言詞。但隨著時間發展及奇妙的際遇，卻又漸漸產生若有似無的感情，終於突破萬難互相廝守。特色：珍奧斯汀的經典愛情小說「傲慢與偏見」廣受世人喜愛，這部充滿浪漫愛情、幽默對白及感人故事的經典小說，在經過65年的漫長等待之後，終於再度搬上大銀幕。「傲慢與偏見」全在英國實地拍攝，以忠於原著小說的拍攝手法讓這個經典的愛情故事重現大銀幕。綺拉奈特莉展現演技，脫離花瓶戲路。推薦指數：喜歡看愛情片，或英國文藝片的影迷，不妨進戲院享受一下英式浪漫。",,"",,"","",,,,,,,,,,
"106364","2006-02-12","民生報","來去看電影","麥若愚","玩火","導演：麥克哈斯特姆卡斯：珍妮佛安妮絲頓        克里夫歐文片長：1小時44分級別：輔導級劇情：兩名已婚的廣告行銷經理在外偷情，卻遭到歹徒恐嚇勒索，兩人必須想辦法合力逆轉情勢，以拯救家庭。特色：偷情心理驚悚片。推薦指數：「前小布嫂」珍妮佛安妮絲頓失婚後搶攻大銀幕，角色竟是搶別人的男人。",,"",,"","",,,,,,,,,,
"106401","2006-02-12","民生報","來去看電影","王建宇）","為你鍾情","導演：詹姆斯曼戈德卡斯：瓦昆菲尼克斯        瑞絲薇斯朋片長：2小時16分級別：保護級劇情：已故的美國知名的鄉村歌手強尼凱許的傳奇故事。他曾拿過10座葛萊美音樂獎。他的音樂風格突出，腳踏鄉村及搖滾兩個領域。特色：瓦昆菲尼克斯與瑞絲薇斯朋飾演傳奇男、女歌手，均親自演唱，煞費苦心。推薦指數：瓦昆菲尼克斯與瑞絲薇斯朋因此片雙雙在金球獎音樂及喜劇類稱帝及封后。兩人同時提名奧斯卡最佳男主角與女主角獎，肯定他們的演技。",,"",,"","",,,,,,,,,,
"106461","2006-02-05","民生報","來去看電影","麥若愚","諜對諜","導演：史蒂芬葛漢卡斯：喬治庫隆尼        麥特戴蒙        傑佛瑞萊特  片長：2小時07分級別：保護級劇情：資深中情局幹員接到暗殺中東石油國家王子任務，暗殺行動徹底失敗，被中情局當成代罪羔羊，他進行調查才赫然發現，這些年來在中東的布署，都被政府利用。特色：喬治庫隆尼練阿拉伯口音，勇奪金球獎最佳男配角。推薦指數：情節懸疑驚悚，對白精彩，大堆頭搶眼卡斯。",,"",,"","",,,,,,,,,,
"106754","2006-02-12","民生報","來去看電影","王建宇","機器人奇諾丘","導演：秋山貴彥卡斯：牧瀨里穗        本鄉奏多        中村雅俊片長：1小時51分級別：普遍級劇情：12歲的本鄉奏多，母親在車禍意外中去世，他因為太過傷心，開始自我封閉，拒絕與外界接觸，不願意去上學。他在房間按下奇諾丘的開關，要它代替他上學。本鄉奏多嘗試打開心房，透過奇諾丘，看見真實生活的樣貌、友情的真諦，和生命中無可替代的甜蜜初戀。在奇諾丘的幫助下，本鄉奏多重拾破碎的情感與世界。特色：「機器人奇諾丘」以溫馨包容的角度，訴說一則失去母親的小男孩，如何藉由機器人來撫平傷痛、重拾真愛。推薦指數：電影溫馨感人，機器人與學童的對手戲，吸引小觀眾。",,"",,"","",,,,,,,,,,
"106813","2006-02-05","民生報","來去看電影","王雅蘭","火影忍者2    -幻之地底遺跡","導演：川崎博嗣漫畫原作：岸本齊史 片長：1小時34分  級別：普遍級劇情：火之國木葉忍者村的漩渦鳴人，和夥伴春野櫻和奈良鹿丸找尋走失的雪貂，不料卻意外遭到神秘少年騎士率領的部隊襲擊，在激烈的戰鬥中，鳴人和鹿丸、小櫻走散了。鳴人在與對方交戰時，不慎和神秘騎士一起墜落至懸崖，鹿丸眼前突然出現了巨大的移動要塞，鹿丸潛入要塞內，然而，卻目擊到恐怖光景……。特色：這次的事件關鍵在於名為「蓋雷爾之石」的神秘礦石，此物蘊藏大量的能量，甚至古代人們曾以此礦石之力建立巨大的超文明，最後卻帶來了毀滅的悲劇。推薦指數：比第一部架構更為龐大，以一個巨大的移動要塞，神秘的地底遺跡為舞台，在此展開了在原作從未描寫過激烈的忍者大戰，「火影忍者」影迷們應該會喜歡。",,"",,"","",,,,,,,,,,
"107005","2006-02-05","民生報","來去看電影","麥若愚","我愛上流","導演：狄恩派瑞索特卡斯：金凱瑞        蒂雅李歐妮片長：1小時30分級別：普遍級劇情：一對中產階級夫婦，因丈夫被公司惡意倒閉並背黑鍋，生活一夕間大變，逼得抓狂夫婦絕地大反攻，給無往不利的大生意人上了一課。特色：重拍1977年珍芳達、喬治席格主演的同名喜劇。推薦指數：金凱瑞搞笑，推陳出新。",,"",,"","",,,,,,,,,,
"107043","2006-02-12","民生報","來去看電影","麥若愚","愛在飛翔","導演：塞德瑞克康卡斯：伊莎貝拉卡蕾        文森林頓片長：1小時40分級別：普遍級劇情：7歲小男孩在父親過世後，與父親生前送他的一架小飛機，發生一連串奇幻又感人的故事。特色：根據法國長青暢銷繪本「Charly」改編，法國電影幕後精英團隊通力合作。推薦指數：充滿魔力的小飛機，帶你翱翔在思念的天空。",,"",,"","",,,,,,,,,,
"107074","2006-02-19","民生報","來去看電影","麥若愚","柯波帝：冷血告白","導演：班奈特米勒卡斯：菲利普西摩霍夫曼、        凱薩琳基納片長：1小時54分級別：輔導級劇情：美國文學史上最具爭議的同性戀作家楚門柯波帝，1959年11月在紐約時報看到駭人聽聞的滅門血案，決定親自採訪冷血兇手，採訪過程，他發現其中一名兇手的童年命運與遭社會歧視處境，與自己有幾分相似，同情的同時開始懷疑自己能否抱持超然態度寫完故事。特色：菲利普西摩霍夫曼從聲調到身段，全面模仿當事人的同志身份，是今年奧斯卡影帝大熱門。推薦指數：作家差點愛上殘暴兇手，還好良知戰勝臨門抽腿。",,"",,"","",,,,,,,,,,
"107118","2006-02-26","民生報","來去看電影","王建宇","當真愛碰上八卦  美國片","導演：羅勃萊納卡斯：珍妮佛安妮斯頓        凱文柯斯納級數：保護級片長：1小時40分劇情：珍妮佛安妮斯頓總覺得自己與家人格格不入，不只性格不同、意見不同，頭髮不夠金亮，連鼻子也不夠挺。雖然從小就懷疑自己不是父親親生，但這個秘密一直到妹妹的婚禮時，才從酒過三巡的外婆莎莉麥克琳口中得知。原來她的母親曾經在結婚之前，與學長凱文柯斯納有過一段深刻的戀情。為了釐清自己的身世，珍妮佛安妮斯頓懷著忐忑不安的心情踏上尋找母親的舊情人之旅。特色：是一部溫馨風趣的愛情喜劇片，離婚後的珍妮佛安妮斯頓，成為片約繁忙的好萊塢新科玉女明星。推薦指數：凱文柯斯納好久未推出新作，電影再演大情聖。",,"",,"","",,,,,,,,,,
"107238","2006-02-19","民生報","來去看電影","王建宇","愛情，不用尋找","導演：吉姆賈木許卡斯：比爾莫瑞        莎朗史東片長：1小時46分級別：限制級劇情：不婚的獨身男子比爾莫瑞剛被女友甩掉，萬念俱灰。誰知一封由前任女友寫來的匿名信，卻捎來訊息：年過半百的他，突然冒出一個19歲大的兒子。一向不出遠門的比爾莫瑞，決定全國趴趴走，拜訪散居各地的前女友。這趟遲暮之旅，不僅讓他與這些曾有動人回憶的女性再度重聚，也在不經意之間，細細審視自己一路行來的人生軌跡。特色：比爾莫瑞的演技不慍不火，十分精采。推薦指數：名導演吉姆賈木許以資深的演技派演員來演繹人生，雖不是大片，卻餘韻十足。",,"",,"","",,,,,,,,,,
"107528","2006-02-26","民生報","來去看電影","王建宇","英勇戰士俏姑娘  台灣片","導演：瞿友寧卡斯：光良、曾寶儀級數：保護級片長：1小時45 分劇情：當馬祖還在單打雙不打的國共對立時代時，阿寶飾演在島上開設冰店的單親媽媽村落之花。暗戀她的光良常帶著阿兵哥上門惠顧。馬祖受到瘟疫感染，一時之間全島陷入恐慌。光良以愛與勇氣，與阿寶廝守度過危機。特色：全片在風景優美的北竿與南竿島上拍攝，阿寶頗有當地美女氣質。推薦指數：導演瞿友寧是「惡作劇之吻」偶像劇名導演，電影充滿了奇想與妙趣。",,"",,"","",,,,,,,,,,
"108008","2006-03-19","民生報","來去看電影","記者王建宇／報導","雨果威明 靠聲音搞怪","華卓斯基兄弟耗費十年時間和精力，完成「駭客任務」三部曲。製作班底拍了「V怪客」，由華卓斯基兄弟製片及編劇。電影以「駭客任務」的史密斯探員雨果威明當第一男主角，外貌不是挺帥的他，戴面具演大英雄。雨果威明自剖：「這是一個性格複雜，道德觀念模糊的角色。曾受到非常殘酷待遇，身心都有極大創傷，成為復仇者。」有趣的是，他既是一名冷血殺手，同時又是有教養而品味出眾、出口成章知識份子，堅決捍衛個人自由。雨果威明在片中從頭到尾，都戴著僵硬的面具上戲，沒有辦法用臉部表情和眼神來演戲。他以別的方法，來賦予V怪客角色人性：「我很久以前在念戲劇學院的時候，最愛戴面具演戲。從頭到尾戴著面具演V怪客，對我的演技來說，是很大的挑戰。」他必須透過聲音來表達大部份情緒，也要搭配整體肢體動作，設計一些小動作，完整表現角色。V怪客戴面具具有實際性和象徵性。他為了掩蓋臉上傷疤，隱瞞真實身份而戴面具。但是戴上17世紀革命份子面具，也讓他成為理念象徵：儘管一個人也許會被打敗或殺死，但是代表的理想和理念卻流芳百世，永遠不會失去意義。在片中飾演艾薇的娜塔莉波曼則說：「V怪客在片中代表一個偉大理念，是真理、正義和個人自由。」娜塔莉波曼必須和戴面具演員對戲，並不是易事，導演對她的演技抱有信心。她曾以「偷情」拿到金球獎最佳女配角，並入圍奧斯卡獎。在「情歸紐澤西」精彩演出，深獲影評人好評。而史蒂芬雷飾演的芬奇探長以及資深演員約翰赫特演的蘇特勒大統領，都是有趣的角色。",,"‘V怪客’從頭到尾戴面具 全憑肢體動作來演戲",,"","",,,,,,,,,,
"108239","2006-03-12","民生報","來去看電影","王建宇","照亮心世界 法國片","導演：尚皮耶丹尼斯卡斯：奧利維耶古賀梅        貝蒂若耶布蘿級數：保護級片長：1小時33分劇情：小女孩在街角，等待母親來接她回去。天黑、雨大，她等的好心焦。只好自己跑回家，卻被慌亂的駕駛給撞倒。雖然肇事者是個既頑固又自閉的人，但他願意出面負責到底。小女孩在慢慢康復中，兩人逐漸發展出微妙關係。特色：劇情出人意表，充滿了溫馨之情。推薦指數：人性關懷滿溢，法國片有獨特文藝情懷。",,"",,"","",,,,,,,,,,
"108822","2006-03-19","民生報","來去看電影","王建宇","性手槍俱樂部 美國片","導演：湯瑪斯凡提柏格卡斯：傑米貝爾        比爾普曼級數：限制級片長：1小時44分劇情：寂寞又血氣方剛的青少年住在美國東南部礦場小鎮上，在苦悶的生活裡，他們只能瘋狂迷戀手槍，甚至組織以「愛好和平」為宗旨的手槍俱樂部。雖然他們聲稱將嚴格遵守禁止殺人的條律，然而制定規則的目的，是為了打破規則。安寧閒適的小鎮生活，將掀起軒然大波。特色：挑戰與質疑美國，普遍氾濫的槍枝文化。推薦指數：可說是「科倫拜校園事件」華麗電影版。劇情的聳動及高度爭議性，在全世界各地上映都引發強烈討論。",,"",,"","",,,,,,,,,,
"109464","2006-03-19","民生報","來去看電影","王建宇","輪迴  日本片","導演：清水崇卡斯：優香        椎名桔平級數：輔導級片長：1小時36分劇情：在多年以前，日本發生一件駭人的旅館命案，教授與十一人離奇死亡。一位電影導演計畫搬上大銀幕，女主角在試鏡後著了魔，她經常看見懷抱少女的娃娃現身。她發現少女模樣，竟是她將演出的角色教授之女。特色：畫面不惡心，氣氛嚇死人。推薦指數：日本怪談片苦恐怖喔，想練膽者不妨一試。",,"",,"","",,,,,,,,,,
"109529","2006-03-12","民生報","來去看電影","王建宇","愛情決勝點 美國片","導演：伍迪艾倫卡斯：史卡蕊喬韓森        強納森瑞斯梅爾級數：輔導級片長：2小時4分劇情：強納森原為一無所有的網球教練，但當他和富家子弟馬修谷帝成為莫逆之交，同時迎娶他妹妹艾蜜莉摩提墨之後，等於拿到了夢寐以求通往財富和成功之門的金鑰。他卻被馬修的美麗未婚妻史卡蕾喬韓森深深吸引，這個致命的吸引力轉變成要命的佔有慾時，將面對最殘酷的人生選擇。他可能再度變成一無所，而好運也可能殆盡。特色：「愛情決勝點」在去年坎城影展中，列為觀摩片。編劇伍迪艾倫總是在他的電影中，描寫各式各樣紐約客和紐約景色，但是在「愛情決勝點」中，他卻第一次把劇本和真實的劇中場景搬到大西洋的另外一端倫敦，別有風味。推薦指數：在2005年金球獎中，入圍項目包括了最佳影片、導演、女配角和劇本獎。伍迪艾倫說故事，有他的獨特魅力。",,"",,"","",,,,,,,,,,
"109839","2006-03-12","民生報","來去看電影","王建宇）","北國性騷擾 美國片","導演：妮琪卡蘿卡斯：莎莉塞隆        法蘭西斯麥朵曼級數：保護級片長：2小時6分劇情：婚姻告吹的單親媽媽莎莉塞隆，帶著孩子返回家鄉美國明尼蘇達州。為了要養家，不得不下礦坑，辛苦地當女礦工。但是男礦工卻不停地對她們進行性騷擾，莎莉塞隆顧不得一切，上法院打官司，要為女權平反。特色：莎莉塞隆以此片再度提名奧斯卡最佳女主角獎，洗盡鉛華發揮演技。推薦指數：電影依據真人真事改編，莎莉塞隆證明自己是會演戲的美麗女星。",,"",,"","",,,,,,,,,,
"109991","2006-03-19","民生報","來去看電影","王建宇","正宗約會電影 美國片","導演：艾倫賽茲        傑森佛雷卡斯：愛莉森韓寧        亞當坎貝爾級數：輔導級片長：1小時36分劇情：浪漫肥女子天天勤寫單身日記，她終於遇到心儀的人，想辦一場羅曼蒂克的希臘婚禮。  但雙方門當父不對，害她一直擔心新娘不是我。一場戀愛，卻變成史密斯任務的怨偶。特色：模仿知名電影經典畫面，雖是惡搞，卻十分逗趣。推薦指數：生活壓力大嗎？笑死人不償命喔！",,"",,"","",,,,,,,,,,
"110342","2006-03-12","民生報","來去看電影","記者王建宇／報導","凱特貝琴薩 異世界開殺戒","「決戰異世界：進化時代」以動作及特效化妝見長，是電影兩大賣點。影迷觀影時會好奇，究竟是怎麼拍出來的？開場戲的中古世紀大戰，對特技動作小組來說是一大挑戰，演員、馬匹和特技演員必須在雪地裡做出高難度特技動作。動作指導布萊德馬丁透露訣竅：「馬匹很容易受到驚嚇，所以馬術訓練師必須先讓牠們和打扮成狼人的特技演員先混熟，正式拍攝時才不會出事。」不過他也說，有些演員吃的苦頭比馬匹更多。「凱特貝琴薩經常要吊鋼絲，這是一件苦差事。凱特在腰部和臀部都必須綁上吊帶，她很努力維持平衡，擺出帥氣姿勢，不容易。她十分敬業，咬緊牙關撐下去，看起來超帥。」還好鋼絲專家教特技動作小組使用電腦自繪鋼絲系統，把每一個特技動作資料先輸入電腦，就能自動計算出需要的速度和方向，精準執行特技動作。雖然主要演員樂意親自上陣做出難度動作，也很感激替他們做出更危險動作的特技演員。凱特貝琴薩說：「我的特技替身很厲害，她能做出我絕對不敢做的危險動作。就算我願意嘗試，他們也不會讓我做，像從懸崖上面往下跳。導演這次對我的要求沒像上次那麼高，也許是因為我已嫁給他，他不會把自己老婆推下懸崖！」貝琴薩不敢相信，她在片中做出那麼多高難度動作：「我從小就沒有什麼運動細胞，比較會跳舞，揮拳打人或從高樓上跳下來都沒什麼自信。我在拍第一集後，接受了三個月嚴格訓練。」在特殊化妝方面，生物造形設計師派崔克塔托普羅斯再度發揮才華，做出比上一集更逼真可怕吸血鬼和狼人。",,"特效化妝更上層樓 吸血鬼和狼人比前集更逼真可怕",,"","",,,,,,,,,,
"111735","2006-03-12","民生報","來去看電影","王惠萍","2006天生一對 香港片","導演：羅永昌卡斯：任賢齊、楊千嬅片長：1小時35分級數：保護級劇情：廣告公司女經理意外發現自己乳房有硬塊，她深恐自己失去一個乳房會沒有男人愛她，好在和她曾有一夜情的專科醫生不斷鼓勵她，兩人也從鬥氣冤家變知己。特色：改編自西西原著「哀悼乳房」，搬上銀幕後加入了樂觀、溫暖的調性。推薦指數：以輕鬆的溫暖調子來傳遞出婦女要注意自身健康的訊息。",,"",,"","",,,,,,,,,,
"112718","2006-03-05","民生報","來去看電影","王建宇","濃情威尼斯 美國片","導演：雷斯赫姆斯壯卡斯：希斯萊傑        席安娜米勒        傑瑞米艾恩斯片長：1小時50分  級數：保護級劇情：希斯萊傑是一位虛構的古早時代歐洲風流才子。希斯萊傑既幽默又英挺，成為令女人著迷的義大利「水都」威尼斯萬人迷。在一次特殊的機緣下，希斯萊傑巧遇了威尼斯美女。他以為自己很吃得開，拚老命依然沒法子征服她。希斯萊傑這才猛然驚覺，原來他已陷入了真愛。特色：希斯萊傑下了李安的「斷背山」，跑到威尼斯把美眉。畫面好看，劇情風趣。推薦指數：是一部可人的古典小品，希斯萊傑魅力四射，戲路大拓寬。",,"",,"","",,,,,,,,,,
"113251","2006-03-05","民生報","來去看電影","王建宇","二十四笑 美國片","導演：亞當夏克曼卡斯：史提夫馬丁        尤金李維        希拉蕊杜芙片長：1小時38分  級數：普遍級劇情：史提夫馬丁和妻子帶著全家大小外出度假，與12個孩子到安靜偏僻的威斯康辛小鎮湖畔。長女出嫁而孩子們漸長，夫婦倆深感這可能是最後一次全家出遊的假期了。但溫馨的旅行計畫，卻因為尤金李維家族的出現而毀於一旦。原來該家族大家長尤金李維是史提夫馬丁學生時代的宿敵，兩個性格觀念及生活型態都差很多的大男人，卻同樣愛面子又生了很多小孩。鬧哄哄的兩家在湖畔展開大戰，觀光景點變成競技場。為了家庭、為了老爸，兩家共24口人，全力以赴搞笑。特色：為賣座喜劇片「十二生笑」的續集，笑星史提夫馬丁近來人氣超猛。推薦指數：是一部家庭喜劇片，溫馨爆笑，適合全家觀賞。",,"",,"","",,,,,,,,,,
"113278","2006-03-05","民生報","來去看電影","王惠萍）","2006天生一對 香港片","導演：羅永昌卡斯：任賢齊、楊千嬅片長：1小時35分級數：保護級劇情：廣告公司經理在酒吧和乳房專科醫生一夜情，意外發現她乳房有硬塊，醫生證實她患有乳癌，因而大受打擊，深恐失去一個乳房，沒有男人再愛她，反而是這位專科醫生不斷鼓勵她，兩人也從鬥氣冤家變知己。特色：西西原著「哀悼乳房」有些低沈、灰暗的色彩，由新導演羅永昌搬上銀幕，則加入了樂觀、溫暖的基調。推薦指數：楊千嬅在拍這部片時，有身穿內衣的鏡頭，這部片以輕鬆溫暖的調子傳遞出婦女要健康保健的訊息。",,"",,"","",,,,,,,,,,
"113371","2006-03-19","民生報","來去看電影","王建宇","V怪客 美國片","導演：詹姆斯麥克特格卡斯：雨果威明        娜塔莉波曼  級數：輔導級片長：2小時11分劇情：故事發生在未來的英國極權社會，描述一名年輕女子被稱為V怪客的蒙面男子救了一命。V怪客不但博學多聞、出口成章，而且武藝高強、溫柔敏感，他打算發起革命，推翻極權專制的政府，解放千千萬萬受迫害的人民。但是他也是一個孤獨寂寞，充滿了內心掙扎，一心想要為自己受到痛苦復仇的複雜人物。為了推翻貪污腐敗、暴虐無道的極權政府。V怪客挺身而出公開譴責政府實施暴政，呼籲同胞和他一起效法十七世紀革命先烈蓋福克斯的精神，發起一場驚天動地的革命。特色：特效精采，視效多元而震撼。推薦指數：喜歡「駭客任務」班底的影迷，可以重溫美夢。",,"",,"","",,,,,,,,,,
"339149","2007-02-19","聯合報","春節電影台","記者王雅蘭／專題報導","初五，金城武陪你過年","小胖的故事郭昱晴、葉民志、金玉嵐緯來電影台，2／20（初三）16:30 故事圍繞在一位成績不好、時常闖禍，名叫小胖的五年級小孩，雖然常成為大家嘲笑的對象、不斷被同學排擠，但他始終記住爸爸的話，認真過好每一天，強調「天生我才必有用」。    執導過「麻辣鮮師」系列、「橘子醬男孩」偶像劇的導演張哲書，拍這部由小朋友主演的溫馨電影，戲外卻被氣炸了，因為小孩碰在一起就受不了控制、吵鬧不休。驚奇4超人伊恩葛魯佛、克里斯伊凡、潔西卡艾芭STAR MOVIES，2／20（初三）21：00全球電影票房三億三千萬美元。隊長「奇幻人」由在「亞瑟王」有亮眼演出的伊恩葛魯佛飾演；號稱湯姆克魯斯接班人的克里斯伊凡飾演「霹靂火」；「萬惡城市」女主角的潔西卡艾芭演「隱形女」；「石頭人」由金球獎影帝麥可奇克里斯擔當；大反派致命博士，則由「整形春秋」的朱利安卡洪扮演。故事描述五名太空人遭受不明輻射，意外有超能力，除萬惡不赦的「末日博士」，另四名超能太空人，組成超人團隊，保衛世界安全。七劍黎明、楊采妮、陸毅衛視電影台，2／20（初三）21：00獲香港電影金像獎11項提名，改編自梁羽生武俠名作「七劍下天山」。導演徐克籌備三年，耗資一億四千萬港幣，遠赴氣候嚴寒的天山及新疆等地拍攝，戲裡展現武術俠暴力與俠客柔情，天山悠遠綺麗場景也是賣點。神話 成龍、金喜善衛視電影台，2／21（初四）21：00耗資達一億六千萬港元的奇幻動作片，打造一段跨越古今二千多年的神話冒險傳奇。成龍的驚險動作，加上逾千組的特效鏡頭，千軍萬馬戰爭場面，視覺壯觀浩瀚。成龍一人飾兩角，一個是忠君愛國的秦代將軍，另一個是仿如「東方印第安那瓊斯」的考古學家，考古學家前往印度研究神秘漂浮力量，在一座古墓發現一幅公主畫像，牽引他進入兩千年前…鬼域 李心潔衛視電影台2／22（初五）21:00李心潔以本片恐怖驚悚的演出，再次入圍金馬獎。新進作家徐尋（李心潔）描寫的愛情，感動了每一位讀者。但下一本探討靈異的小說，卻苦於難以下筆；重遇舊情人，更令她思緒紛亂，她隨手把草稿棄掉，卻發生不尋常的事，虛構與現實之間，有了恐怖連繫…十面埋伏劉德華、金城武、章子怡東森電影台2／22（初五）21:00張藝謀的武俠作品，劉德華和金城武分別飾演唐朝的真假捕快，章子怡則化身為盲歌妓，三人之間有著難解的三角戀情。開場章子怡在牡丹坊跳舞，以彩帶向四方擊鼓，進而以彩帶抽刀，欲擊殺劉德華的戲，就令人驚豔。首度接拍古裝片的金城武，也在劇中展現英挺扮相，與章子怡情慾戲，更引人注目。",,"明天大年初三晚上9點，不妨看看中、西方不同的武術魔幻打鬥，「驚奇4超人」大戰「七劍」，你會選擇那一部？ 初四有成龍的千年「神話」冒險，初五則有兩大帥哥劉德華、金城武為章子怡，搏命相向。",,"","初三黎明  初四成龍",,,,,,,,,,
"339544","2007-02-19","聯合報","初二電影台","記者王雅蘭／專題報導","龍虎門    衛視電影台，21：00","龍虎門    衛視電影台，21：00謝霆鋒、余文樂、甄子丹    功夫高手甄子丹和謝霆鋒、余文樂精彩力作。「龍虎三皇」王小虎、王小龍和石黑龍，自小被萬佛寺的主持王降龍收養並教授武藝，培養出一副俠義心腸。火雲邪神因權力欲望，將羅殺門轉化成東南亞最大勢力犯罪集團。龍虎三皇於一次比賽中誤取羅殺令，並與羅殺門結怨，導致龍虎門慘遭報復。三皇身受重傷，少林寺奇僧醫治，更傳授三皇各一套武術絕學，為正道除害，與邪神一決生死。",,"",,"","",,,,,,,,,,
"339692","2007-02-19","聯合報","初二電影台","記者王雅蘭／專題報導","CSI犯罪現場 初二 紐約奇案實錄","CSI犯罪現場紐約（第一季&第二季） AXN，15：00~凌晨1：00   喜歡偵探辦案故事的人，絕不能錯過本影集，你可以跟隨紐約鑑識人員的腳步，運用高科技技術和儀器追蹤證據，破獲刑案。    故事描述麥克泰勒組長是充滿熱忱的鑑識人員，認為凡事自有軌跡可循，他與志同道合的工作搭檔、工作狂兼有多方專長的史黛拉波納席拉組長，聯手領導一群專家，在充滿懸疑奇情的都市叢林中屢破奇案。",,"初二回娘家，全家最省力省錢的活動，就是打開電視看電影，西片國片老片親情片武打片愛情片，任你選擇，打開零食、找好位置，舒舒服服開始看電影吧！",,"","",,,,,,,,,,
"340616","2007-02-19","聯合報","初二電影台","記者王雅蘭／專題報導","史密斯任務      衛視西片台，21：00","史密斯任務      衛視西片台，21：00布萊德彼特、安潔莉娜裘莉、文斯范恩   布萊德彼特和安潔莉娜裘莉因合作此片激出愛情火花，讓小布撇下嬌妻珍妮佛安妮絲頓，投向史密斯夫人懷抱，成為影壇最受矚目的一對。銀幕上兩位巨星精彩過招，銀幕外的戀情轉折更是轟動全球，令這部片全球票房高達4億7千8百萬美元。劇情描述住在郊區的史密斯夫婦，生活安逸無趣。長久以來相互隱瞞身分的兩人，原來分別隸屬兩大殺手集團而不知情。某日他們接獲新任務，必須幹掉競爭公司的王牌殺手，沒有料到的是，任務所指的殺手居然是自己的枕邊人。史密斯夫婦都決定拿錢辦事，順便考驗一下伴侶的能耐。",,"",,"","",,,,,,,,,,
"342287","2007-02-19","聯合報","初二電影台","記者王雅蘭／專題報導","江山美人    緯來電影台，12:35","江山美人    緯來電影台，12:35 林黛、趙雷、胡金銓    1959年李翰祥憑本片帶動黃梅調電影風潮，並獲亞洲影展最佳影片。    改編自民間傳奇「遊龍戲鳳」歌舞片，也是亞洲影后林黛巔峰代表作之一。故事描述明朝正德帝（趙雷）微服私遊江南，巧遇酒家店主妹妹李鳳（林黛），一見鍾情，成其好事後，並賜贈玉珮，聲言回京後冊立為妃。誰知皇上音訊全無，李鳳產下皇子，因積愁成病。酒保大牛（胡金銓）跋涉長途上京報訊，正德才如夢方覺，命人飛騎迎李鳳進京。",,"",,"","",,,,,,,,,,
"344380","2007-02-19","聯合報","初二電影台","記者王雅蘭／專題報導","小孩不笨2 緯來電影台，21：00","小孩不笨2 緯來電影台，21：00梁智強、向雲、黃亦良   此片以家長管教子女所面對的困難為主題，反映青少年在學校及家庭裡的壓力。透過TOM、JERRY及成才的故事，讓觀眾體會孩子不只需要父母的關愛，更需要父母的肯定。是一部笑中有淚充滿教育性的輕鬆喜劇，適合全家一同觀賞。讓父母了解，沒有教不會的小孩，只有不會教的父母。",,"",,"","",,,,,,,,,,
"345322","2007-02-04","聯合報","電視電影","記者范振和／花蓮報導","千人包水餃 體驗各省過年味","「大陸尋奇」新春嘉年華會昨天在花蓮縣文化局登場，不少民眾前往體會大陸各省過年特有文化，現場節目豐富，中午千人水餃大餐，場面熱鬧。花蓮縣長謝深山表示，「大陸尋奇園遊會」是縣政府今年重點活動，為讓縣民認識大陸各省過年特有文化，更讓外省第二代、第三代甚至第四代，能參與中華文化傳承，他要求縣府團隊配合花蓮縣大陸各省同鄉聯誼會，把各省鄉親最拿手的十八般武藝，毫不保留地展示、傳承下來。昨天活動有舞龍、舞獅、扯鈴、樂器、雜耍等民俗技藝以及各省民族歌謠狂飆。「三代同堂」包元寶比賽，參賽隊伍一字排開，從包餡、捏邊到成形，大夥兒忙得起勁，全力在包餃子功夫上一較高下。還有來自各省的民族服裝秀，一新民眾耳目，臘味大街有各省道地的年糕、臘肉、香腸、燻雞、酒釀等，年貨小市則滿是南北雜貨、童玩、工藝品等。",,"",,"","",,,,,,,,,,
"389431","2007-07-21","聯合報","快活周報電影熱","記者陶福媛、祁安國、馮復華／報導","哈利波特  開賣啦！","生活用品哈利波特混紡棉床包組，床包×1（5×6.2尺）、枕套×2，原價749元，特價524元／家樂福Harry Potter魔力哈利大抱枕499元／YAHOO!奇摩購物Harry Potter學院哈利兒童睡袋組990元／YAHOO!奇摩購物霍格華茲學生巫師帽420元／麻瓜糖果屋玩具黑魔法師瘋眼穆敵令人悚然的瘋眼，原價420元，網路價320元／麻瓜糖果屋哈利波特與光輪2000公仔399元／YAHOO!奇摩購物Harry Potter樂高鑰匙圈特價250元／東東玩具商城糖果哈利波特蜂蜜公爵名產之一 蛞蝓造型果凍軟糖， 每包60g，市價280元，網路價198元／麻瓜糖果屋哈利波特超級泡泡糖原價250元，網路價185元／麻瓜糖果屋",,"哈利波特的新書最終完結篇今日登場，加上電影「哈利波特─鳳凰會的密令」上映，各種哈利波特商品趁熱潮推出。",,"","",,,,,,,,,,
"390384","2007-07-07","聯合報","快活周報電影熱","記者藍珮瑜 祁安國／報導","變形金剛 玩具、3C 打得火熱","手機變機器人 6款造型的變形金剛機器人組，有手機、MP3播放器、望遠鏡、照相機、DV攝影機、掌上型遊樂器，可變形成機器人或配件裝備。機器人關節均可轉動。每款皆399元／孩之寶大黃蜂 博派機器人，電影裡戲分很重。大黃蜂模型極為精緻，可變形為配置有雙重飛彈裝置的機器人，或經典的雪佛蘭CAMAR跑車。499元／孩之寶鑰匙圈 柯博文、大黃蜂可隨身攜帶，149∼199元／ 博寶行變形金剛機 hp搭上電影熱潮，推出兩款「變形金剛機」，搭配22吋液晶螢幕，最新AMD Athlon 64x2雙核心處理器5000+、內建最高顯卡nVidia GeForce 8500GT SIKORSKI、15合一讀卡機、光速DVD燒錄。36,900元、39,900元柯博文∼帥 博派首領機器人，配備全新手提式可發射重裝槍砲，輕按機關即可彈射飛彈；按下胸前機關，頭部可瞬間隱藏唷！它可變形成貨櫃車，按下機關還會發出聲響及燈光。1,999元／孩之寶耳機也會變 玩具製造商Tomy在日本新推出的Frenzy & Rumble（疾風&黃蜂）變形金剛耳機，可用來聽音樂，還可變身機器人裝飾佩戴。日本售價3,950日圓，約台幣1,100元柯博文頭盔 具三種模式：變聲器可使你說話的聲音聽起來像電影中的柯博文；戰鬥劇情，可說出柯博文在電影中的經典對白；變身音效，可聽到柯博文從貨車變身為機器人，再變回貨車時的音效。1,499元／孩之寶",,"電影「變形金剛」的始祖就是玩具，從1970年代變化至今，更炫更好玩；連耳機、電腦等3C商品都要沾上邊。",,"","",,,,,,,,,,
"396079","2007-07-21","聯合報","快活周報電影熱","記者陶福媛、祁安國、馮復華／報導","哈利波特  開賣啦！","Wii電玩  哈利波特風迷全球，電玩遊戲也同步推出「哈利波特：鳳凰會的密令」，而且無論是Wii、Xbox 360、PS3、NDS、PC都能玩，這也是有史以來跨平台最多的遊戲之一。「鳳凰會的密令」遊戲讓玩家探索真實的的霍格華茲，沈浸各種魔法世界中，可與魔法物品、鬼魂和肖像互動，真實呈現與電影一樣的畫面，同時施展法術，釋放強大的五年級魔法威力。玩家可扮演哈利波特、天狼星及鄧不利多，與佛地魔進行大戰。尤其Wii的玩家可直接用搖桿體驗哈利波特揮舞法杖的樂趣，就像電影中的哈利波特般，只要拿著搖桿向佛地魔一指，就會有意想不到的魔法效果。PSP遊戲則有多人決鬥，並可扮演佛地魔、魯休斯、貝拉、跩哥、克拉和高爾。NDS則可以使用觸控筆施展法術，迷你視窗中學習霍格華茲的課程，以及在「巫師遊戲」中與好友捉對廝殺。高貴童裝  童裝趕搭這一波「哈利波特熱」，推出授權早秋童裝。義大利精品童裝I PINCO PALLINO（I.P.P）拿下「哈利波特」授權，推出早秋系列童裝，童裝上有「HP」（Harry Potter）的英文縮寫，以英式學院風詮釋哈利波特神秘色彩，融入刺繡、拼貼等手工，裝飾學院徽章，搭配金銀線條，穿出英式小淑女、小紳士的高貴氣質。代理商Why & 1/2指出，哈利波特授權童裝7月上市，反應相當好，雖在炎夏推出秋裝，上衣平均單價在1萬元左右，全身上下行頭要4、5萬元，但很多家長都是全套購買，下手毫不手軟。哪裡買 YAHOO奇摩購物／興奇科技buy.yahoo.com.tw/麻瓜糖果屋www.muggle.com.tw 東東玩具商城：台北市太原路54號，02-2559-5285，dd-toytown.anow.tw Why & 1/2 02-8226-5858  家樂福0809-001-365",,"哈利波特的新書最終完結篇今日登場，加上電影「哈利波特─鳳凰會的密令」上映，各種哈利波特商品趁熱潮推出。",,"","",,,,,,,,,,
"397568","2007-08-05","聯合報","快活周報電影","記者吳雨潔／報導","法式烤羊排（French Muttonchop）","是電影中客人點的一道菜。用Rosemary（迷迭香）、黑胡椒醃過烤熟，讓羊肉少了騷味，增加淡雅的馨香，簡單卻深受客人喜愛的料理。",,"",,"","",,,,,,,,,,
"397602","2007-08-05","聯合報","快活周報電影","記者項貽斐／報導","小鼠當大廚","在「料理鼠王」裡，飲食的對象從人延伸到老鼠，擬人化的鼠國出現比人類更了解食物精髓、味覺嗅覺更靈敏的小老鼠「小米」，牠對待食物的態度從「吃飽」提升到「品味」的層次。透過小米從低賤家鼠到天才小廚師的過程，以出色的畫工、香氣四溢的場景和夠味的世情轉折，端出一場豐富的銀幕盛宴。料理非難事，唯勇者能成功貫穿「料理鼠王」裡最重要的一句話，即是出自「食神」古斯多的名言「料理非難事」（Everyone can cook），這位一手創立巴黎五星級餐廳、推廣美食不遺餘力的名廚認為，美食就像音樂、畫畫一般，只要駐足欣賞即能感受與創造，但是膽小的人做不出美食，只有勇者才會成功。在這樣的理念激勵下，小米跨出邁向廚師的第一步，與同樣出身卑微、在廚房裡當清潔工的林葛尼（Linguini）合作，由牠提供創意與技術，指揮搖控對烹飪毫無概念的林葛尼執行料理任務。美食夢想，小米變鼠國異類對小米而言，身為老鼠是牠難以親近美食的原罪，而牠對食物的要求也使牠在鼠國成為異類叛徒。因為像牠父親一般的傳統鼠類總強調，「食物就像燃料，對燃燒挑剔，引擎就會掛掉。」但在小米看來，食物除了是維持生存的基本燃料，更是自我實現的火種，因為有了美食，生命才能散發光芒。法式雜菜煲，軟化冷面美食家然而在消費體制下，簡單的食物享受變得複雜，強調方便量產的冷凍食品與取決於美食家評論的風尚餐飲，先後威脅不同階段的古斯多餐廳。可是即使是「冷面美食家-柯柏」再嚴苛的筆鋒，都敵不了溫馨的舌尖記憶，一道「法式雜菜煲」不僅融化美食家冰冷的面孔，也喚醒他對美食本質的感動。柯柏最後在評鑑古斯多餐廳的文章裡，寫出他對「Everyone can cook」的闡釋，他認為，「『料理非難事』並不是指人人都能燒一手好菜、當個藝術家，但偉大的藝術家（廚師）卻可能來自任何地方。」「評論家要能冒險捍衛新事物」。打破階級，美食超越一切從老鼠窩、下水道到高級餐廳、從繁複的羊胸腺料理到家常的法式雜菜煲，「料理鼠王」以食物打破階級限制，讓「鼠輩」當大廚，也看到藝術家（廚師）與藝評家（美食家）在求道之路的不同立場，最終卻殊途同歸，止於盡善盡美。鼠王幕後「料理鼠王」以美食之都巴黎為背景，食物場景多達270個，工作人員到巴黎取經，蒐集4500個美食照片，讓電影裡的食物彷彿聞得到香氣。7月1日上映至今，賣座已近1億8000萬美元，口碑更勝「超人特攻隊」。雖然沒有超級紅星幕後獻聲，但為「冷面美食家柯柏配音的資深英國演員彼得奧圖卻以他冰冷若霜、溫馨如春風般的多變層次，展現聲音表演的極致。",,"一隻有勇氣有天賦的小鼠，堅持理想，跨越老鼠和人類國度的階級鴻溝，變成頂尖大廚師。因為有真摯夢想的實踐，讓美食更動人。",,"Cartoon卡通好好看","料理鼠王",,,,,,,,,,
"397612","2007-08-25","聯合報","快活周報電影與美食","記者吳雨潔／報導","料理絕配  跟著男主角做義國菜","提拉米蘇 Tirami-Su  380元劇情演譯：凱特不吃甜點，但尼克準備的提拉米蘇卻讓凱特破例，兩人慵懶地坐在地毯上，邊吃邊談心，不知不覺，凱特宛如提拉米蘇般，對尼克逐漸柔軟，兩人之間被甜蜜包圍。材料：濃縮咖啡300c.c.、手指餅乾15片、白砂糖70g、蛋黃5個、義大利軟乳酪（Mascarpone）500g、無糖鮮奶油500g、杏仁酒30c.c.、可可粉適量步驟：1.用刷子沾濃縮咖啡塗在手指餅乾上。2.白砂糖與蛋黃以隔水加熱方式，邊加溫邊攪拌。煮至80度離火稍冷卻後，加入義大利軟乳酪均勻混合。3.將無糖鮮奶油打至不會稀鬆滴下也不會過硬的硬性發泡狀態。再倒入杏仁酒與STEP2的醬，攪拌後成起司醬。4.一層手指餅乾、一層起司醬依序鋪進容器裡。置於攝氏5度冰箱冷藏4小時。食用前撒上可可粉。",,"「料理絕配」中，率性二廚尼克輕鬆的料理方式與女主角凱特大不同。在尼克手裡，義大利食物彷若歌劇般熱情有勁，充滿生命力。",,"","",,,,,,,,,,
"398615","2007-08-25","聯合報","快活周報電影與美食","記者吳雨潔／報導","料理絕配   看電影學用餐禮儀","模特兒／Minna Chen 場地提供／亞都麗緻大飯店巴黎廳1930，02-2597-1234服裝○正確的服裝，女性應穿洋裝、包鞋，裙子應過膝；男生應穿襯衫，至於領帶沒有規定。一般高級餐廳會準備披肩與西裝外套，如果客人感覺冷，或是穿著較不合宜，可向服務人員借來暫穿。╳露肩、Ｔ恤、短褲、牛仔褲、球鞋、拖鞋、戴帽子都是不合格的打扮。帶位○在餐廳門口，應先等待服務人員接待，由服務人員確認後帶位。╳不等服務人員接洽，自行進入餐廳裡。或是邊走邊講手機、大聲喧譁等。入席○站在位置旁邊，等候服務人員拉開椅子，椅子應向客人方向拉開15至20度為宜。入座後，由服務人員從後方協助將椅子推進。╳自己拉開椅子入座。坐姿○背脊需挺直，距離椅背一個拳頭寬的位置。╳整個攤在椅背上。○雙腳併攏斜放。╳用餐時手機應轉震動或靜音。品酒以手掌托酒，或是整隻手握在酒杯上，手溫會影響酒的質感。手持杯應拿在杯腳上。用餐○吃麵包時，服務人員會將奶油包裝打開，並把標籤置於小盤上，讓客人確定奶油品牌。用奶油刀切一小塊奶油，放在麵包盤緣。把刀放下，撕小塊麵包，再用奶油刀沾奶油塗在麵包上。╳拿起整塊麵包進食，或挖起奶油後直接塗抹在麵包上。○喝湯時，湯匙須由內向外舀。不可發出湯匙與碗碰撞聲，喝湯也不可發出聲響。湯匙裝八分滿，以食就口。○用餐時交談，需將刀叉放在盤子兩旁。╳拿著刀叉邊說話邊揮舞或指著對方。",,"到高級法國餐廳享用頂級美味，有許多必須注意的小細節。怎麼吃才合宜？可看出一個人的教養與質感，千萬別忽略喔！",,"","",,,,,,,,,,
"400140","2007-08-05","聯合報","快活周報電影","記者吳雨潔／報導","法式雜菜煲（EGO's Ratatouille）","法國道地家常菜，源於普羅旺斯鄉村菜，用茄子、青椒、胡蘿蔔、南瓜、番茄等蔬果以小火燜煮，鍾炳燦說蔬菜煮到稍軟，但還能吃得出鮮脆的程度，最能享受蔬菜的甜美。「法式雜菜煲」是劇中尖酸嚴酷美食評論家柯伯最愛，他吃到這道菜，不禁回想起家鄉母親的味道，說出「最好的料理並非複雜的食物，簡單也會成為最美味的佳肴。」這句話也是形容「法式雜菜煲」的最佳寫照。",,"",,"","",,,,,,,,,,
"403973","2007-08-25","聯合報","快活周報電影與美食","記者吳雨潔／報導","料理絕配  跟著女主角做法國菜","場地提供／亞都麗緻大飯店巴賽麗廳（02-2597-1234）凱特廚藝精湛。「松露乳鴿、香煎鱸魚」都是經典菜色，招牌「番紅花醬汁」更是擄獲客人與美食記者味蕾的秘訣，也是吸引尼克與她共事的動力。當冷靜的她遇到浪漫的他，兩人的變化就像經典法國套餐般，從初識的冷菜、逐漸靠近的前菜、擦出火花的主菜到幸福甜點，道道精緻又深感人心。最後，凱特帶尼克到一家亞洲香料行，告訴他招牌「番紅花醬汁」的秘訣在於「Kaffir Lime Leaf青檸檬葉」，代表兩人之間的透明，再也沒有秘密。亞都飯店行政總主廚廖郁翔說，帶有清新香氣的Kaffir Lime Leaf，能巧妙中和味道較重的番紅花醬汁，是神來之筆。在巴賽麗廳推出的套餐，也忠實呈現電影的原味，讓人看完電影，結合味覺，蔓延記憶的感動。羅勒干貝沙拉佐番紅花醬汁Pan Seared Scallops Saffron Sauce,Basil Oil,Petite Herb Salad劇情演譯：凱特將生活重心放在「22 BLEECKER」餐廳，因缺乏社交互動，被老闆強迫去看心理醫生。找不到人試菜的她，便把心理醫生當成白老鼠，做了這道新菜給他吃。材料：干貝3塊、番紅花醬汁50ml（備註1）、髮菜、蒔蘿、西芹菜、龍蒿葉、小蘿蔔嫩芽各0.5g、鹽與胡椒少許步驟：1.干貝撒鹽與胡椒，煎至上色後，烤8分鐘。2.盤中滴入羅勒油（羅勒碎以橄欖油炒香，過篩）。3.再加入調好的番紅花醬汁，擺上干貝。4.擺放髮菜、蒔蘿、西芹菜、龍蒿葉、小蘿蔔嫩芽等蔬菜、香料，完成。備註1（番紅花醬汁）材料：番紅花1g、洋蔥丁250g、西芹菜丁125g、蒜頭丁35g、白酒500ml、鮮奶油3,000ml、魚高湯1,000ml、奶油35g、麵粉45g、龍蒿葉0.5g、檸檬葉1.5g、鹽與胡椒步驟：1.小火用奶油將洋蔥丁、西芹菜丁、蒜頭丁炒香，再加入麵粉炒1分鐘。2.緩緩加入煮滾的魚高湯，拌勻。3.依序加入番紅花、白酒、鮮奶油、龍蒿葉與檸檬葉，慢慢煮到湯汁濃稠狀，再過篩。",,"看完電影，好想吃凱特的拿手好菜怎麼辦？亞都麗緻飯店重現原味，讓你可以自製法式料理；如果手藝不佳，也可以在飯店吃到頂級料理。",,"","",,,,,,,,,,
"404043","2007-08-05","聯合報","快活周報電影","記者吳雨潔／報導","起司區（Cheese Platter）","老鼠愛起司，小米最愛的食物也是起司。小米在電影的第一幕就是他與哥哥大米，冒著生命危險，拿起司搭配蘑菇到老奶奶家煮東西。回到現實，B-one自助餐廳設置的起司區，有English Gouda（英國高達起司）、Italian Parmesan（義大利帕馬森起司）、Swiss Emmental （瑞士艾曼特起司）、French Camembert（法國康門貝起司）四種新鮮起司現切食用。有趣的是小米吃起司愛配草莓，下次你不妨試試看。",,"",,"","",,,,,,,,,,
"405751","2007-08-05","聯合報","快活周報電影","記者吳雨潔／報導","蛋捲區（Omelet Station）","小米為男主角廚房清潔工林葛尼第一次準備的早餐。蛋捲Omelet餡料有番茄、起司、蘑菇和火腿，與半熟軟嫩的蛋捲在一起，切開五分熟的蛋捲時，濃郁起司香頓時湧出，滿足味覺感官。",,"",,"","",,,,,,,,,,
"406087","2007-08-25","聯合報","快活周報電影與美食","記者吳雨潔／報導","香煎鱸魚佐燴橄欖番茄","劇情演譯：「22 BLEECKER」餐廳每晚都有人點的套餐，是凱特的招牌菜。材料：鱸魚120g、義大利麵30g、番茄醬汁125ml（備註1）、番茄丁35g、洋蔥丁25g、蒜頭丁、九層塔碎末各2g步驟：1.鱸魚洗淨後撒鹽與胡椒少許，入油鍋煎至雙面上色。放入烤箱烤至熟。2.橄欖番茄拌料：洋蔥丁、蒜頭丁、番茄丁入油鍋炒香，加九層塔碎、黑橄欖拌炒，再加番茄汁炒勻。3.義大利麵滾水煮約6、7分鐘，沖冷水至冷，拌入番茄醬汁，徹底拌勻。4.將義大利麵以叉子捲起，擺盤，上置煎好的鱸魚和橄欖番茄料即成。備註1（番茄醬汁）材料：番茄丁40g、蒜頭丁1g、番茄醬15ml、奧勒岡葉末0.5g、鹽與胡椒少許步驟：1.洋蔥丁、蒜頭丁、番茄丁炒香，加入番茄醬拌炒。2.加入奧勒岡葉末炒勻即為番茄醬汁。",,"Bass Black Olive Tomato Ragout,Spaghe",,"","",,,,,,,,,,
"406194","2007-08-05","聯合報","快活周報電影","記者吳雨潔／報導","同場加映","台北福華大飯店與電影「衝浪季節」合作，即日起到8月31日於麗香苑推出「我愛企鵝572親子套餐」。主廚邱鑄龍從電影主角找創意，把Chicken Joe變身為裹著黑白芝麻的「黑白椒麻雞」；或用企鵝最愛的海鮮，撒上彩椒粒，把「Z帥海鯛魚排」布置得如海灘般繽紛。點心主廚許世國在彩虹座外賣區推出企鵝巧克力、貝殼蛋糕等多項甜點。台北福華大飯店麗香苑、彩虹座外賣區北市仁愛路三段160號02-2700-2323",,"",,"","",,,,,,,,,,
